{"AI": {"sentiment": 0.16666666666666666, "frequency": 8}, "PSA": {"sentiment": 0.10000000645716985, "frequency": 4}, "GME": {"sentiment": -0.054545456035570664, "frequency": 133}, "DD": {"sentiment": 0.09791666610787313, "frequency": 105}, "CCL": {"sentiment": 0.02500000037252903, "frequency": 9}, "SNOW": {"sentiment": -0.10000000149011612, "frequency": 4}, "AMC": {"sentiment": -0.11176470886258517, "frequency": 40}, "RCL": {"sentiment": -0.05000000074505806, "frequency": 2}, "RKT": {"sentiment": -1.862645149230957e-09, "frequency": 12}, "MRO": {"sentiment": -0.3999999947845936, "frequency": 2}, "CEO": {"sentiment": 0.022222224209043715, "frequency": 35}, "RH": {"sentiment": -0.21578947611545263, "frequency": 39}, "NRG": {"sentiment": -0.033333333830038704, "frequency": 4}, "AF": {"sentiment": -0.4000000059604645, "frequency": 2}, "APL": {"sentiment": 0.10000000149011612, "frequency": 1}, "EOD": {"sentiment": 0.20000000298023224, "frequency": 1}, "TV": {"sentiment": -0.5000000149011612, "frequency": 6}, "CBD": {"sentiment": 0.5, "frequency": 1}, "ABC": {"sentiment": 0.10000000149011612, "frequency": 2}, "UPS": {"sentiment": -0.10000000149011612, "frequency": 2}, "TD": {"sentiment": 0.10000000149011612, "frequency": 4}, "ALL": {"sentiment": -0.4000000059604645, "frequency": 4}, "ONE": {"sentiment": -0.20000000298023224, "frequency": 2}, "BRO": {"sentiment": 0.4000000059604645, "frequency": 2}, "FCF": {"sentiment": 0.10000000149011612, "frequency": 4}, "LMT": {"sentiment": 0.0, "frequency": 4}, "MCD": {"sentiment": 0.20000000298023224, "frequency": 1}, "QSR": {"sentiment": 0.10000000149011612, "frequency": 1}, "YUM": {"sentiment": 0.10000000149011612, "frequency": 1}, "UNH": {"sentiment": 0.10000000521540642, "frequency": 3}, "EFT": {"sentiment": 0.800000011920929, "frequency": 1}, "TSM": {"sentiment": -0.20000000298023224, "frequency": 8}, "TTM": {"sentiment": -0.15000000223517418, "frequency": 4}, "JPM": {"sentiment": -0.15000000223517418, "frequency": 4}, "GS": {"sentiment": 0.0, "frequency": 4}, "OI": {"sentiment": -0.20000000298023224, "frequency": 6}, "MM": {"sentiment": -0.10000000149011612, "frequency": 3}, "ACI": {"sentiment": 0.10000000149011612, "frequency": 1}, "TPX": {"sentiment": 0.30000001192092896, "frequency": 1}, "DATA": {"sentiment": 0.30000001192092896, "frequency": 1}, "MIC": {"sentiment": 0.10000000149011612, "frequency": 1}, "IM": {"sentiment": 0.5, "frequency": 1}, "TIME": {"sentiment": 0.699999988079071, "frequency": 2}, "CAT": {"sentiment": -0.20000000298023224, "frequency": 1}, "EV": {"sentiment": 0.8999999761581421, "frequency": 15}, "WM": {"sentiment": -0.15000000223517418, "frequency": 1}, "WMT": {"sentiment": -0.20000000298023224, "frequency": 1}, "IND": {"sentiment": 0.10000000149011612, "frequency": 1}, "IRS": {"sentiment": -0.20000000298023224, "frequency": 3}, "NOK": {"sentiment": 0.10000000149011612, "frequency": 6}, "CS": {"sentiment": 0.10000000149011612, "frequency": 2}, "CUK": {"sentiment": 0.399999987334013, "frequency": 6}, "MSM": {"sentiment": 0.10000000894069672, "frequency": 2}, "BP": {"sentiment": 0.20000000298023224, "frequency": 1}, "OMG": {"sentiment": -0.10000000149011612, "frequency": 2}, "XL": {"sentiment": 0.20000000298023224, "frequency": 1}, "HF": {"sentiment": -0.30000001192092896, "frequency": 3}, "HW": {"sentiment": 0.10000000149011612, "frequency": 1}, "CRK": {"sentiment": 0.10000000149011612, "frequency": 3}, "USA": {"sentiment": 0.10000000149011612, "frequency": 7}, "GM": {"sentiment": -0.05000000074505806, "frequency": 4}, "PT": {"sentiment": 0.8999999761581421, "frequency": 5}, "MSO": {"sentiment": 0.5, "frequency": 1}, "SIR": {"sentiment": -0.30000001192092896, "frequency": 1}, "HP": {"sentiment": -0.2499999925494194, "frequency": 4}}